year,all_event_rows,tornado_event_rows,f_ef1_plus_rows,unknown_rating_rows,missing_or_invalid_begin_point_rows,missing_or_invalid_end_point_rows,blank_episode_id_rows,direct_deaths_reported,direct_injuries_reported,locations_rows,events_with_locations,fatalities_rows,events_with_fatalities,direct_fatality_reconciliation_mismatch_events,detail_year_mismatch_rows
1950,223,223,204,6,0,108,223,70,659,0,0,11,11,12,0
1951,269,269,205,39,0,180,269,34,524,0,0,11,11,6,0
1952,272,272,234,12,1,147,272,231,1916,0,0,10,10,27,0
1953,492,492,406,37,0,248,492,519,5131,0,0,21,21,32,0
1954,609,609,497,40,0,353,609,36,715,0,0,14,14,7,0
1955,1413,632,440,76,0,380,632,129,926,0,0,13,13,9,0
1956,1703,567,431,45,0,331,567,83,1355,0,0,8,8,12,0
1957,2184,930,670,93,0,573,930,193,1976,0,0,21,21,30,0
1958,2213,608,427,83,0,391,608,67,535,0,0,13,13,8,0
1959,1813,630,441,74,1,432,630,58,734,0,0,10,10,6,0
1960,1945,645,480,70,0,445,645,46,737,0,0,8,8,9,0
1961,2246,772,594,70,0,481,772,52,1087,0,0,14,14,7,0
1962,2389,673,458,66,0,526,673,30,551,0,0,7,7,3,0
1963,1968,493,373,34,0,324,493,31,538,0,0,9,9,8,0
1964,2348,760,564,82,0,483,760,73,1148,0,0,7,7,11,0
1965,2835,990,693,120,0,643,990,301,5197,0,0,17,17,40,0
1966,2388,606,395,84,0,446,606,98,2030,0,0,6,6,6,0
1967,2688,966,617,144,0,702,966,114,2144,0,0,14,14,16,0
1968,3312,715,504,53,0,488,715,131,2522,0,0,12,12,16,0
1969,2926,650,437,59,0,461,650,66,1311,0,0,5,5,10,0
1970,3215,700,508,77,0,475,700,73,1355,0,0,15,15,8,0
1971,3471,963,770,11,0,629,963,159,2723,0,0,15,15,16,0
1972,2171,778,604,2,0,548,775,34,1027,2,1,14,9,5,0
1973,4453,1198,978,0,0,796,1198,89,2402,0,0,22,22,20,0
1974,5375,1120,894,9,0,610,1120,366,6824,0,0,45,45,53,0
1975,4975,962,652,6,0,714,962,60,1457,0,0,15,15,15,0
1976,3768,935,671,48,0,601,935,44,1195,0,0,20,20,9,0
1977,3728,922,574,181,0,614,922,43,771,0,0,11,11,4,0
1978,3657,875,426,203,0,607,875,53,919,0,0,9,9,10,0
1979,4279,918,527,38,0,672,918,84,3014,0,0,11,11,10,0
1980,6136,972,698,24,0,627,972,28,1157,0,0,16,16,4,0
1981,4517,830,542,0,0,603,830,24,798,0,0,10,10,4,0
1982,7126,1180,799,1,0,782,1180,64,1276,0,0,23,23,10,0
1983,8322,995,644,0,0,710,995,34,756,0,0,21,21,6,0
1984,7335,1020,643,0,0,669,1020,122,2499,0,0,21,21,20,0
1985,7979,773,455,0,0,506,773,94,1299,0,0,6,6,19,0
1986,8725,849,484,0,0,541,849,15,536,0,0,8,8,3,0
1987,7363,695,352,0,0,530,695,59,1018,0,0,8,8,7,0
1988,7257,773,489,0,0,539,773,32,688,0,0,12,12,8,0
1989,10407,921,546,0,0,633,921,50,1270,0,0,5,5,8,0
1990,10945,1264,723,0,0,848,1264,53,1177,0,0,14,14,4,0
1991,12516,1208,514,0,0,926,1208,39,864,0,0,11,11,5,0
1992,13534,1404,697,0,0,1036,1404,39,1323,0,0,11,11,8,0
1993,8664,617,272,4,192,506,617,56,778,0,0,7,7,8,0
1994,15627,947,344,11,365,852,947,48,806,0,0,10,10,7,0
1995,20464,1222,410,69,471,1071,1222,34,1150,0,0,9,9,8,0
1996,48534,1240,473,0,2,2,3,26,705,1237,1237,26,14,0,0
1997,41991,1180,424,0,0,0,0,68,1033,1180,1180,68,23,0,0
1998,50973,1529,615,0,0,0,0,130,1874,1529,1529,130,35,0,0
1999,46383,1520,632,0,3,3,0,94,1842,1520,1520,94,34,0,0
2000,52007,1169,406,0,12,12,0,41,882,1666,1169,41,14,0,0
2001,48875,1351,485,0,15,15,0,40,743,1867,1351,28,19,5,0
2002,50936,1040,377,0,6,6,0,55,968,1527,1040,55,28,0,0
2003,52956,1535,578,0,41,41,0,54,1087,2196,1535,51,21,4,0
2004,52409,1947,676,0,37,37,0,35,396,2770,1947,36,20,1,0
2005,53976,1343,498,0,14,14,0,38,537,1966,1343,35,11,4,0
2006,56400,1263,505,0,7,7,0,67,986,1951,1263,66,25,1,0
2007,59011,1242,518,0,0,0,0,81,617,2164,1242,81,26,0,0
2008,71190,1954,882,0,0,0,0,128,1714,3624,1954,133,51,0,0
2009,57398,1273,531,0,0,0,0,21,397,2354,1273,25,13,0,0
2010,62809,1451,629,0,0,0,0,45,699,2728,1451,47,25,0,0
2011,79091,2074,1190,0,0,0,0,553,5483,3988,2074,567,87,0,0
2012,64503,1058,450,0,0,0,0,69,822,2022,1058,71,28,0,0
2013,59986,1053,509,0,0,0,0,55,756,2006,1053,55,14,0,0
2014,59475,1064,499,0,0,0,0,47,641,2018,1064,49,18,0,0
2015,57907,1320,579,0,0,0,0,36,924,2507,1320,36,15,0,0
2016,56005,1081,478,32,0,0,0,18,325,2068,1081,18,11,0,0
2017,57041,1663,880,67,0,0,0,35,522,3236,1663,37,18,0,0
2018,62699,1256,555,18,0,0,0,10,199,2416,1256,12,11,0,0
2019,67864,1737,804,199,0,0,0,42,537,3311,1737,46,16,2,0
2020,61281,1253,615,117,0,0,0,76,733,2424,1253,77,27,0,0
2021,61389,1545,692,222,9,9,0,103,878,2990,1545,107,24,0,0
2022,69887,1384,727,171,0,0,0,23,314,2698,1384,25,15,1,0
2023,75593,1522,737,270,0,0,0,86,955,2943,1522,92,33,1,0
2024,69801,2137,1160,279,0,0,0,51,649,4162,2137,54,30,0,0
2025,72360,1591,846,253,0,0,0,64,248,3076,1579,64,25,0,0
