SOURCE_YEAR,EVENT_ID,STATE,BEGIN_DATE_TIME,DEATHS_DIRECT,DIRECT_FATALITY_TABLE_ROWS
1950,10096223,OKLAHOMA,28-APR-50 19:05:00,5,0
1950,10120410,TEXAS,12-FEB-50 12:00:00,3,0
1950,10120411,TEXAS,28-APR-50 18:00:00,5,0
1950,10050384,MISSISSIPPI,03-JUN-50 01:00:00,2,0
1950,10049525,MISSISSIPPI,12-FEB-50 12:00:00,3,0
1950,10032625,LOUISIANA,12-FEB-50 14:00:00,5,0
1950,10032626,LOUISIANA,12-FEB-50 14:00:00,9,0
1950,10032628,LOUISIANA,12-FEB-50 14:20:00,9,0
1950,10032627,LOUISIANA,12-FEB-50 14:20:00,5,0
1950,10146804,WISCONSIN,25-JUN-50 21:00:00,2,0
1950,10126027,TENNESSEE,13-FEB-50 02:00:00,9,0
1950,10009719,ILLINOIS,02-DEC-50 16:00:00,2,0
1951,10047279,MISSISSIPPI,21-APR-51 19:25:00,2,0
1951,9985761,FLORIDA,26-MAY-51 09:30:00,3,0
1951,10052055,MINNESOTA,20-JUL-51 21:00:00,5,0
1951,10120425,TEXAS,18-MAY-51 15:45:00,2,0
1951,10025122,KANSAS,27-JUN-51 00:10:00,5,0
1951,10146812,WISCONSIN,26-SEP-51 16:08:00,6,0
1952,10047289,MISSISSIPPI,21-MAR-52 22:00:00,9,0
1952,9983013,ARKANSAS,21-MAR-52 14:40:00,7,0
1952,9983015,ARKANSAS,21-MAR-52 16:50:00,50,0
1952,9983017,ARKANSAS,21-MAR-52 17:00:00,9,0
1952,9983018,ARKANSAS,21-MAR-52 17:00:00,2,0
1952,9983020,ARKANSAS,21-MAR-52 17:20:00,5,0
1952,9983022,ARKANSAS,21-MAR-52 17:30:00,29,0
1952,9983025,ARKANSAS,21-MAR-52 18:00:00,4,0
1952,9983026,ARKANSAS,21-MAR-52 18:45:00,2,0
1952,9979437,ALABAMA,22-MAR-52 15:00:00,4,0
1952,10063632,MISSOURI,21-MAR-52 20:00:00,17,0
1952,10017020,IOWA,02-JUN-52 18:30:00,1,0
1952,10117456,SOUTH CAROLINA,10-MAY-52 14:15:00,2,0
1952,10146814,WISCONSIN,23-JUN-52 21:30:00,2,0
1952,10126037,TENNESSEE,29-FEB-52 16:00:00,3,0
1952,10126038,TENNESSEE,29-FEB-52 16:30:00,2,0
1952,10126041,TENNESSEE,21-MAR-52 18:00:00,2,0
1952,10126042,TENNESSEE,21-MAR-52 20:30:00,10,0
1952,10126043,TENNESSEE,21-MAR-52 20:30:00,4,0
1952,10126035,TENNESSEE,13-FEB-52 22:40:00,3,0
1952,10032667,LOUISIANA,04-APR-52 03:30:00,4,0
1952,10126257,TENNESSEE,21-MAR-52 22:00:00,7,0
1952,10126258,TENNESSEE,21-MAR-52 22:45:00,2,0
1952,10126262,TENNESSEE,21-MAR-52 23:30:00,4,0
1952,10126264,TENNESSEE,22-MAR-52 00:01:00,23,0
1952,10126265,TENNESSEE,22-MAR-52 00:20:00,3,0
1952,10126266,TENNESSEE,22-MAR-52 01:00:00,11,0
1953,10047316,MISSISSIPPI,05-DEC-53 17:45:00,38,0
1953,10099779,OKLAHOMA,13-MAR-53 19:30:00,2,0
1953,10073811,NEBRASKA,09-MAY-53 21:45:00,5,0
1953,10089670,NORTH DAKOTA,29-MAY-53 17:00:00,2,0
1953,10083307,OHIO,08-JUN-53 18:00:00,5,0
1953,10083308,OHIO,08-JUN-53 18:10:00,3,0
1953,10083310,OHIO,08-JUN-53 19:08:00,2,0
1953,10083312,OHIO,08-JUN-53 20:00:00,6,0
1953,10039200,MASSACHUSETTS,09-JUN-53 14:25:00,90,0
1953,10052069,MINNESOTA,10-MAY-53 17:00:00,6,0
1953,9979457,ALABAMA,01-MAY-53 19:30:00,7,0
1953,9979459,ALABAMA,01-MAY-53 20:00:00,2,0
1953,10039412,MICHIGAN,21-MAY-53 15:21:00,2,0
1953,10039415,MICHIGAN,08-JUN-53 17:15:00,4,0
1953,10039419,MICHIGAN,08-JUN-53 18:40:00,4,0
1953,10039421,MICHIGAN,08-JUN-53 19:30:00,116,0
1953,10072694,NEBRASKA,07-JUN-53 15:15:00,11,0
1953,10121825,TEXAS,02-DEC-53 13:35:00,2,0
1953,10121798,TEXAS,13-MAR-53 14:00:00,12,0
1953,10121799,TEXAS,13-MAR-53 14:15:00,5,0
1953,10121802,TEXAS,28-APR-53 21:00:00,2,0
1953,10121803,TEXAS,11-MAY-53 14:15:00,13,0
1953,10121804,TEXAS,11-MAY-53 16:10:00,114,0
1953,9979455,ALABAMA,18-APR-53 17:00:00,6,0
1953,10146819,WISCONSIN,10-MAY-53 19:10:00,2,0
1953,10029318,LOUISIANA,03-DEC-53 01:00:00,7,0
1953,10029325,LOUISIANA,03-DEC-53 03:15:00,2,0
1953,10001454,GEORGIA,18-APR-53 17:50:00,2,0
1953,10001457,GEORGIA,30-APR-53 16:13:00,18,0
1953,10032672,LOUISIANA,06-FEB-53 13:00:00,2,0
1953,10032675,LOUISIANA,22-MAR-53 15:30:00,2,0
1953,10126283,TENNESSEE,02-MAY-53 03:00:00,4,0
1954,10063655,MISSOURI,25-MAR-54 00:55:00,2,0
1954,10098655,OKLAHOMA,01-MAY-54 16:00:00,3,0
1954,10072724,NEBRASKA,30-MAY-54 20:30:00,6,0
1954,10004926,INDIANA,11-OCT-54 14:15:00,2,0
1954,9991487,FLORIDA,18-SEP-54 01:00:00,2,0
1954,10001462,GEORGIA,13-MAR-54 20:45:00,2,0
1954,10001469,GEORGIA,13-MAR-54 22:00:00,5,0
1955,10069367,NEBRASKA,27-JUN-55 16:45:00,2,0
1955,10096409,OKLAHOMA,25-MAY-55 17:00:00,2,0
1955,10096417,OKLAHOMA,25-MAY-55 21:26:00,20,0
1955,10089690,NORTH DAKOTA,02-JUL-55 18:00:00,2,0
1955,9979491,ALABAMA,24-APR-55 05:45:00,5,0
1955,10117464,SOUTH CAROLINA,13-MAR-55 21:00:00,2,0
1955,10000336,GEORGIA,24-MAY-55 19:30:00,3,0
1955,10027629,KANSAS,25-MAY-55 22:15:00,5,0
1955,10027630,KANSAS,25-MAY-55 22:45:00,75,0
1956,9976799,ALABAMA,15-APR-56 15:00:00,25,0
1956,10093494,OKLAHOMA,02-APR-56 22:40:00,5,0
1956,10083374,OHIO,05-AUG-56 00:01:00,2,0
1956,10040546,MICHIGAN,03-APR-56 17:55:00,2,0
1956,10040547,MICHIGAN,03-APR-56 17:55:00,14,0
1956,10040550,MICHIGAN,03-APR-56 18:15:00,4,0
1956,10040572,MICHIGAN,12-MAY-56 17:25:00,3,0
1956,10010874,ILLINOIS,25-FEB-56 00:25:00,6,0
1956,10007489,ILLINOIS,28-APR-56 23:30:00,2,0
1956,10127395,TENNESSEE,03-APR-56 16:45:00,3,0
1956,10147920,WISCONSIN,03-APR-56 12:50:00,2,0
1956,10147921,WISCONSIN,03-APR-56 13:45:00,7,0
1957,9976827,ALABAMA,08-APR-57 10:15:00,2,0
1957,9977933,ALABAMA,17-NOV-57 15:12:00,4,0
1957,9977948,ALABAMA,18-NOV-57 17:30:00,3,0
1957,10075796,NORTH CAROLINA,08-APR-57 20:00:00,4,0
1957,10121175,TEXAS,07-NOV-57 21:15:00,2,0
1957,10087403,NORTH DAKOTA,20-JUN-57 18:40:00,10,0
1957,9980864,ARKANSAS,19-DEC-57 12:44:00,2,0
1957,10060864,MISSOURI,18-DEC-57 17:22:00,3,0
1957,10060413,MISSOURI,20-MAY-57 19:37:00,37,0
1957,10092661,OKLAHOMA,22-JAN-57 06:45:00,10,0
1957,10092668,OKLAHOMA,02-APR-57 17:29:00,2,0
1957,10092669,OKLAHOMA,02-APR-57 17:58:00,3,0
1957,10061281,MISSOURI,21-MAY-57 15:53:00,7,0
1957,10049875,MISSISSIPPI,07-NOV-57 23:00:00,2,0
1957,10061495,MISSOURI,21-MAY-57 16:25:00,8,0
1957,10048759,MISSISSIPPI,17-NOV-57 12:15:00,2,0
1957,10096545,OKLAHOMA,24-MAY-57 17:30:00,4,0
1957,10095849,OKLAHOMA,14-SEP-57 17:40:00,2,0
1957,10029375,LOUISIANA,22-JAN-57 10:50:00,3,0
1957,10027752,KANSAS,20-MAY-57 18:15:00,3,0
1957,10030466,LOUISIANA,07-NOV-57 23:30:00,2,0
1957,10030467,LOUISIANA,07-NOV-57 23:30:00,2,0
1957,10030468,LOUISIANA,07-NOV-57 23:35:00,2,0
1957,10027753,KANSAS,20-MAY-57 19:00:00,4,0
1957,10030464,LOUISIANA,07-NOV-57 21:00:00,3,0
1957,10122245,TEXAS,02-APR-57 16:30:00,10,0
1957,9998072,GEORGIA,05-APR-57 03:00:00,2,0
1957,10118926,TEXAS,15-MAY-57 22:35:00,21,0
1957,10008638,ILLINOIS,14-JUN-57 14:00:00,2,0
1957,10008665,ILLINOIS,18-DEC-57 16:45:00,11,0
1958,10049567,MISSISSIPPI,26-FEB-58 19:45:00,2,0
1958,10049561,MISSISSIPPI,26-FEB-58 18:55:00,6,0
1958,10048193,MISSOURI,10-OCT-58 19:05:00,2,0
1958,10049569,MISSISSIPPI,26-FEB-58 20:15:00,2,0
1958,10149031,WISCONSIN,04-JUN-58 17:52:00,20,0
1958,10149033,WISCONSIN,04-JUN-58 18:45:00,3,0
1958,10149035,WISCONSIN,04-JUN-58 19:30:00,4,0
1958,10025566,KANSAS,10-JUN-58 17:45:00,15,0
1959,10062651,MISSOURI,10-FEB-59 01:40:00,10,0
1959,10062654,MISSOURI,10-FEB-59 02:10:00,11,0
1959,10095666,OKLAHOMA,09-MAY-59 18:40:00,7,0
1959,10150862,VIRGINIA,30-SEP-59 15:30:00,11,0
1959,10122981,TEXAS,31-MAR-59 21:00:00,6,0
1959,10033678,KENTUCKY,21-JAN-59 12:30:00,3,0
1960,10122150,TEXAS,12-APR-60 20:00:00,3,0
1960,10093713,OKLAHOMA,28-APR-60 23:45:00,3,0
1960,9992511,COLORADO,27-JUN-60 18:45:00,2,0
1960,10094864,OKLAHOMA,05-MAY-60 19:40:00,5,0
1960,10093971,OKLAHOMA,05-MAY-60 18:00:00,5,0
1960,10093975,OKLAHOMA,05-MAY-60 18:16:00,2,0
1960,10093985,OKLAHOMA,05-MAY-60 19:10:00,2,0
1960,10093986,OKLAHOMA,05-MAY-60 19:10:00,13,0
1960,10093988,OKLAHOMA,05-MAY-60 19:10:00,3,0
1961,10085662,OHIO,25-APR-61 16:00:00,2,0
1961,10121411,TEXAS,27-MAR-61 20:30:00,2,0
1961,10092640,OKLAHOMA,05-MAY-61 17:20:00,16,0
1961,10120340,TEXAS,12-SEP-61 03:15:00,8,0
1961,9981413,ARKANSAS,07-MAY-61 01:00:00,3,0
1961,10032709,LOUISIANA,12-SEP-61 13:00:00,5,0
1961,9981411,ARKANSAS,06-MAY-61 23:30:00,2,0
1962,9987256,FLORIDA,31-MAR-62 08:00:00,17,0
1962,10083445,OHIO,20-AUG-62 20:30:00,4,0
1962,10032757,LOUISIANA,28-AUG-62 22:10:00,2,0
1963,9976944,ALABAMA,11-MAR-63 14:00:00,2,0
1963,10110317,SOUTH CAROLINA,29-SEP-63 02:00:00,3,0
1963,10047114,MISSISSIPPI,11-MAR-63 18:30:00,2,0
1963,10047129,MISSISSIPPI,29-APR-63 15:20:00,5,0
1963,10047131,MISSISSIPPI,29-APR-63 18:15:00,3,0
1963,10115617,PENNSYLVANIA,03-AUG-63 20:50:00,2,0
1963,10002761,INDIANA,19-MAR-63 15:00:00,2,0
1963,10126376,TENNESSEE,29-APR-63 18:10:00,3,0
1964,9978062,ALABAMA,24-JAN-64 19:00:00,10,0
1964,9978066,ALABAMA,09-MAR-64 17:00:00,2,0
1964,10040613,MICHIGAN,08-MAY-64 15:59:00,11,0
1964,9980571,ARIZONA,27-AUG-64 12:16:00,2,0
1964,10069526,NEBRASKA,05-MAY-64 18:30:00,2,0
1964,10069529,NEBRASKA,05-MAY-64 19:00:00,2,0
1964,10122436,TEXAS,03-APR-64 14:35:00,7,0
1964,10034868,KENTUCKY,04-MAR-64 11:45:00,3,0
1964,10025205,KANSAS,12-APR-64 16:00:00,3,0
1964,10030801,LOUISIANA,03-OCT-64 06:30:00,22,0
1964,9995815,GEORGIA,26-DEC-64 00:15:00,2,0
1965,10054433,MINNESOTA,06-MAY-65 19:06:00,3,0
1965,10054436,MINNESOTA,06-MAY-65 20:14:00,6,0
1965,10054426,MINNESOTA,06-MAY-65 18:08:00,3,0
1965,10066882,NEBRASKA,08-MAY-65 18:30:00,4,0
1965,10089742,OHIO,16-NOV-65 18:30:00,2,0
1965,10040657,MICHIGAN,11-APR-65 17:10:00,5,0
1965,10040659,MICHIGAN,11-APR-65 18:03:00,9,0
1965,10040665,MICHIGAN,11-APR-65 18:40:00,9,0
1965,10040666,MICHIGAN,11-APR-65 18:50:00,5,0
1965,10040667,MICHIGAN,11-APR-65 19:00:00,3,0
1965,10040668,MICHIGAN,11-APR-65 19:15:00,6,0
1965,10038423,MICHIGAN,11-APR-65 20:35:00,2,0
1965,10041523,MICHIGAN,11-APR-65 19:30:00,4,0
1965,9984289,ARKANSAS,10-APR-65 18:26:00,6,0
1965,10007741,ILLINOIS,12-NOV-65 15:00:00,2,0
1965,10083977,OHIO,11-APR-65 20:15:00,2,0
1965,10083979,OHIO,11-APR-65 20:30:00,11,0
1965,10083980,OHIO,11-APR-65 20:30:00,16,0
1965,10083981,OHIO,11-APR-65 20:45:00,2,0
1965,10083983,OHIO,11-APR-65 21:00:00,3,0
1965,10083984,OHIO,11-APR-65 21:15:00,4,0
1965,10083986,OHIO,11-APR-65 22:05:00,17,0
1965,10083991,OHIO,11-APR-65 22:45:00,4,0
1965,10011055,ILLINOIS,11-APR-65 15:20:00,6,0
1965,10038422,MICHIGAN,11-APR-65 20:00:00,5,0
1965,10040661,MICHIGAN,11-APR-65 18:20:00,3,0
1965,10145798,WISCONSIN,11-APR-65 14:30:00,3,0
1965,10005002,INDIANA,11-APR-65 16:45:00,4,0
1965,10005003,INDIANA,11-APR-65 16:50:00,3,0
1965,10005004,INDIANA,11-APR-65 17:00:00,3,0
1965,10005006,INDIANA,11-APR-65 17:15:00,31,0
1965,10005010,INDIANA,11-APR-65 17:45:00,5,0
1965,10005017,INDIANA,11-APR-65 18:15:00,31,0
1965,10005019,INDIANA,11-APR-65 18:25:00,17,0
1965,10005020,INDIANA,11-APR-65 18:40:00,5,0
1965,10005021,INDIANA,11-APR-65 18:50:00,8,0
1965,10005022,INDIANA,11-APR-65 18:50:00,2,0
1965,10005023,INDIANA,11-APR-65 19:10:00,20,0
1965,10005026,INDIANA,11-APR-65 19:40:00,6,0
1965,10135672,TEXAS,02-JUN-65 21:05:00,4,0
1966,10049391,MISSISSIPPI,03-MAR-66 18:30:00,57,0
1966,10112544,SOUTH DAKOTA,31-JUL-66 20:00:00,2,0
1966,9987576,FLORIDA,04-APR-66 08:10:00,8,0
1966,9987574,FLORIDA,04-APR-66 07:00:00,3,0
1966,10011976,IOWA,14-OCT-66 13:55:00,6,0
1966,10026039,KANSAS,08-JUN-66 19:00:00,16,0
1967,9977278,ALABAMA,18-DEC-67 03:25:00,2,0
1967,10092072,OKLAHOMA,10-JUN-67 17:04:00,4,0
1967,10060670,MISSOURI,21-DEC-67 00:45:00,3,0
1967,10056793,MISSOURI,24-JAN-67 12:50:00,2,0
1967,10056801,MISSOURI,24-JAN-67 18:55:00,3,0
1967,10052249,MINNESOTA,30-APR-67 18:05:00,2,0
1967,10052251,MINNESOTA,30-APR-67 18:23:00,5,0
1967,10052255,MINNESOTA,30-APR-67 19:00:00,6,0
1967,10047477,MISSISSIPPI,30-OCT-67 07:54:00,4,0
1967,10048550,MISSISSIPPI,02-DEC-67 12:30:00,2,0
1967,9979265,ALABAMA,06-MAR-67 15:30:00,2,0
1967,10012875,IOWA,16-APR-67 16:00:00,2,0
1967,10009998,ILLINOIS,21-APR-67 15:50:00,24,0
1967,10010014,ILLINOIS,21-APR-67 17:24:00,33,0
1967,10148652,WISCONSIN,02-AUG-67 02:05:00,2,0
1967,10135784,TEXAS,20-SEP-67 05:00:00,4,0
1968,10052728,MINNESOTA,13-JUN-68 18:00:00,9,0
1968,9983239,ARKANSAS,15-MAY-68 21:50:00,34,0
1968,9983233,ARKANSAS,15-MAY-68 20:36:00,7,0
1968,10083187,OHIO,23-APR-68 15:05:00,7,0
1968,9983228,ARKANSAS,15-MAY-68 18:30:00,3,0
1968,9982104,ARKANSAS,03-APR-68 18:20:00,5,0
1968,9982118,ARKANSAS,19-APR-68 15:12:00,14,0
1968,10038065,KENTUCKY,23-APR-68 12:41:00,4,0
1968,10124207,TENNESSEE,03-APR-68 22:10:00,4,0
1968,10007753,ILLINOIS,15-MAY-68 16:00:00,4,0
1968,10007757,ILLINOIS,15-MAY-68 20:45:00,4,0
1968,10001504,FLORIDA,09-NOV-68 16:00:00,2,0
1968,9988760,FLORIDA,30-JUL-68 17:15:00,2,0
1968,10149793,WISCONSIN,19-AUG-68 16:10:00,2,0
1968,10014278,IOWA,15-MAY-68 15:25:00,13,0
1968,10014286,IOWA,15-MAY-68 15:57:00,5,0
1969,9978452,ALABAMA,18-APR-69 02:30:00,2,0
1969,10085479,OHIO,09-AUG-69 16:57:00,4,0
1969,10049738,MISSISSIPPI,23-JAN-69 06:25:00,11,0
1969,10049741,MISSISSIPPI,23-JAN-69 07:25:00,9,0
1969,10057725,MISSOURI,22-JUN-69 17:40:00,2,0
1969,10055666,MINNESOTA,06-AUG-69 17:50:00,2,0
1969,10055656,MINNESOTA,06-AUG-69 16:10:00,12,0
1969,10057728,MISSOURI,22-JUN-69 18:35:00,4,0
1969,10049739,MISSISSIPPI,23-JAN-69 06:40:00,12,0
1969,10134868,TEXAS,27-MAY-69 11:45:00,3,0
1970,10050936,MISSISSIPPI,19-APR-70 12:36:00,4,0
1970,10093362,OKLAHOMA,05-OCT-70 15:42:00,4,0
1970,10124472,TENNESSEE,27-APR-70 14:10:00,2,0
1970,9979587,ALABAMA,19-MAR-70 23:08:00,2,0
1970,10135837,TEXAS,11-MAY-70 20:35:00,26,0
1970,10133819,TEXAS,17-APR-70 22:00:00,2,0
1970,10133828,TEXAS,17-APR-70 23:00:00,2,0
1970,10134697,TEXAS,18-APR-70 01:49:00,16,0
1971,9976304,ALABAMA,26-FEB-71 12:30:00,3,0
1971,10048633,MISSISSIPPI,21-FEB-71 16:00:00,9,0
1971,10048634,MISSISSIPPI,21-FEB-71 16:05:00,14,0
1971,10048636,MISSISSIPPI,21-FEB-71 16:15:00,2,0
1971,10048637,MISSISSIPPI,21-FEB-71 16:25:00,25,0
1971,10048638,MISSISSIPPI,21-FEB-71 16:35:00,30,0
1971,10048641,MISSISSIPPI,21-FEB-71 17:00:00,14,0
1971,10048642,MISSISSIPPI,21-FEB-71 17:06:00,2,0
1971,10048644,MISSISSIPPI,21-FEB-71 17:30:00,3,0
1971,10048645,MISSISSIPPI,21-FEB-71 17:40:00,11,0
1971,10048406,MISSISSIPPI,04-FEB-71 17:15:00,7,0
1971,10088066,NORTH CAROLINA,22-FEB-71 16:30:00,2,0
1971,10110952,TENNESSEE,07-MAY-71 18:00:00,3,0
1971,10036062,KENTUCKY,27-APR-71 21:53:00,2,0
1971,10036059,KENTUCKY,27-APR-71 20:35:00,6,0
1971,10030902,LOUISIANA,21-FEB-71 14:50:00,11,0
1972,10010159,ILLINOIS,21-APR-72 17:20:00,3,0
1972,10095764,OKLAHOMA,19-APR-72 17:40:00,5,0
1972,9977487,ALABAMA,13-JAN-72 01:00:00,4,0
1972,10135264,TEXAS,13-NOV-72 02:45:00,2,0
1972,10146484,WASHINGTON,05-APR-72 14:50:00,6,0
1973,9977079,ALABAMA,27-MAY-73 18:16:00,5,0
1973,10057691,MISSOURI,24-NOV-73 04:45:00,3,0
1973,10114447,SOUTH CAROLINA,13-DEC-73 14:30:00,2,0
1973,10087072,OHIO,10-MAY-73 16:38:00,5,0
1973,10112046,SOUTH CAROLINA,31-MAR-73 18:20:00,7,0
1973,9983392,ARKANSAS,26-MAY-73 23:15:00,3,0
1973,10059067,MISSOURI,01-MAY-73 20:30:00,2,0
1973,9975944,ALABAMA,08-MAY-73 04:10:00,2,0
1973,10039885,MASSACHUSETTS,28-AUG-73 11:40:00,4,0
1973,10093441,OKLAHOMA,26-MAY-73 16:00:00,5,0
1973,10093436,OKLAHOMA,24-MAY-73 16:00:00,2,0
1973,10092386,OKLAHOMA,19-NOV-73 19:48:00,3,0
1973,10023587,KANSAS,26-MAY-73 14:25:00,3,0
1973,10092383,OKLAHOMA,19-NOV-73 19:30:00,2,0
1973,10057692,MISSOURI,24-NOV-73 22:25:00,2,0
1973,10136395,TEXAS,10-MAR-73 06:21:00,6,0
1973,10020274,KANSAS,25-SEP-73 18:25:00,2,0
1973,10013351,IOWA,18-JUN-73 03:40:00,2,0
1973,10133028,TEXAS,15-APR-73 04:15:00,2,0
1973,10133035,TEXAS,15-APR-73 17:20:00,5,0
1974,9976073,ALABAMA,03-APR-74 20:30:00,5,0
1974,9976078,ALABAMA,03-APR-74 21:35:00,2,0
1974,9976064,ALABAMA,03-APR-74 18:15:00,2,0
1974,9976065,ALABAMA,03-APR-74 18:15:00,9,0
1974,9976067,ALABAMA,03-APR-74 18:35:00,11,0
1974,9976069,ALABAMA,03-APR-74 19:00:00,5,0
1974,9993549,GEORGIA,03-APR-74 18:45:00,5,0
1974,10124278,TENNESSEE,03-APR-74 16:15:00,2,0
1974,10113754,SOUTH CAROLINA,26-MAY-74 21:30:00,6,0
1974,10124320,TENNESSEE,03-APR-74 23:30:00,2,0
1974,10124303,TENNESSEE,03-APR-74 19:20:00,10,0
1974,10124305,TENNESSEE,03-APR-74 19:30:00,5,0
1974,10124308,TENNESSEE,03-APR-74 19:50:00,7,0
1974,10124314,TENNESSEE,03-APR-74 22:30:00,3,0
1974,10089848,NORTH CAROLINA,03-APR-74 18:05:00,2,0
1974,10089850,NORTH CAROLINA,03-APR-74 19:25:00,4,0
1974,10038598,MICHIGAN,03-APR-74 18:44:00,2,0
1974,9979414,ALABAMA,03-APR-74 17:15:00,14,0
1974,10086982,OHIO,03-APR-74 15:28:00,2,0
1974,10086997,OHIO,03-APR-74 16:45:00,3,0
1974,10124294,TENNESSEE,03-APR-74 18:45:00,6,0
1974,10124296,TENNESSEE,03-APR-74 19:00:00,5,0
1974,9981174,ARKANSAS,06-JUN-74 16:10:00,4,0
1974,9979419,ALABAMA,03-APR-74 17:52:00,5,0
1974,9994577,GEORGIA,12-MAY-74 02:45:00,2,0
1974,10032288,KENTUCKY,03-APR-74 14:35:00,31,0
1974,10086976,OHIO,03-APR-74 13:30:00,36,0
1974,10017163,INDIANA,03-APR-74 14:30:00,10,0
1974,10017141,INDIANA,03-APR-74 13:20:00,2,0
1974,10017147,INDIANA,03-APR-74 13:50:00,2,0
1974,10017153,INDIANA,03-APR-74 14:05:00,2,0
1974,10017162,INDIANA,03-APR-74 14:30:00,2,0
1974,10032320,KENTUCKY,03-APR-74 17:50:00,8,0
1974,10032323,KENTUCKY,03-APR-74 18:05:00,2,0
1974,10021981,KANSAS,08-JUN-74 18:00:00,6,0
1974,10017179,INDIANA,03-APR-74 15:52:00,10,0
1974,10017183,INDIANA,03-APR-74 16:40:00,6,0
1974,10017194,INDIANA,03-APR-74 17:50:00,3,0
1974,10032329,KENTUCKY,03-APR-74 18:25:00,7,0
1974,10017198,INDIANA,03-APR-74 18:10:00,2,0
1974,10032296,KENTUCKY,03-APR-74 15:37:00,3,0
1974,10032303,KENTUCKY,03-APR-74 15:55:00,2,0
1974,10092958,OKLAHOMA,08-JUN-74 17:50:00,2,0
1974,10032332,KENTUCKY,03-APR-74 18:55:00,6,0
1974,9976072,ALABAMA,03-APR-74 20:00:00,23,0
1974,10092947,OKLAHOMA,08-JUN-74 15:55:00,13,0
1974,9993539,GEORGIA,03-APR-74 16:40:00,6,0
1974,9993540,GEORGIA,03-APR-74 16:50:00,2,0
1974,10012299,IOWA,18-JUN-74 21:35:00,2,0
1974,10032312,KENTUCKY,03-APR-74 17:00:00,4,0
1974,10032942,LOUISIANA,29-OCT-74 01:10:00,2,0
1974,10029876,KENTUCKY,03-APR-74 19:50:00,2,0
1974,10032301,KENTUCKY,03-APR-74 16:45:00,2,0
1975,10098733,OKLAHOMA,22-FEB-75 00:30:00,2,0
1975,10059149,MISSOURI,24-APR-75 18:40:00,3,0
1975,10068092,NEBRASKA,06-MAY-75 15:35:00,3,0
1975,10054783,MINNESOTA,31-AUG-75 17:00:00,2,0
1975,10047381,MISSISSIPPI,10-JAN-75 08:14:00,4,0
1975,10047382,MISSISSIPPI,10-JAN-75 08:45:00,5,0
1975,9981644,ARKANSAS,28-MAR-75 19:52:00,7,0
1975,9995750,GEORGIA,24-MAR-75 05:28:00,3,0
1975,9995713,GEORGIA,18-FEB-75 15:08:00,2,0
1975,10010363,ILLINOIS,23-JUL-75 16:45:00,2,0
1975,10131937,TEXAS,13-MAY-75 17:15:00,2,0
1975,10029656,LOUISIANA,29-APR-75 22:30:00,2,0
1975,10135610,TEXAS,22-JUN-75 20:20:00,3,0
1975,10134354,TEXAS,29-APR-75 14:35:00,3,0
1975,10133232,TEXAS,26-MAR-75 23:50:00,2,0
1976,10048881,MISSISSIPPI,29-MAR-76 14:03:00,3,0
1976,9982291,ARKANSAS,29-MAR-76 15:15:00,5,0
1976,10089878,NORTH CAROLINA,15-MAY-76 15:50:00,3,0
1976,10093328,OKLAHOMA,26-MAR-76 15:28:00,2,0
1976,9980316,ARKANSAS,17-FEB-76 20:00:00,3,0
1976,10094479,OKLAHOMA,30-MAY-76 18:30:00,2,0
1976,10003180,ILLINOIS,13-JUN-76 16:18:00,2,0
1976,10006925,ILLINOIS,12-MAR-76 13:25:00,2,0
1976,10129893,TEXAS,26-MAY-76 18:08:00,2,0
1977,9976475,ALABAMA,04-APR-77 15:00:00,22,0
1977,10049971,MISSISSIPPI,23-FEB-77 16:00:00,2,0
1977,10059538,MISSOURI,04-MAY-77 11:45:00,2,0
1977,10005480,ILLINOIS,21-AUG-77 12:00:00,6,0
1978,10050882,MISSISSIPPI,18-APR-78 00:30:00,4,0
1978,10053685,MINNESOTA,05-JUL-78 01:45:00,3,0
1978,10023952,KANSAS,31-MAY-78 16:00:00,3,0
1978,10013861,IOWA,16-SEP-78 19:35:00,2,0
1978,10013864,IOWA,16-SEP-78 19:55:00,4,0
1978,10023965,KANSAS,17-JUN-78 18:15:00,16,0
1978,9998971,FLORIDA,04-MAY-78 09:47:00,3,0
1978,10082858,NORTH DAKOTA,04-JUL-78 20:34:00,5,0
1978,10029982,LOUISIANA,03-DEC-78 01:50:00,2,0
1978,10029987,LOUISIANA,03-DEC-78 03:38:00,2,0
1979,10041292,MASSACHUSETTS,10-AUG-79 14:00:00,2,0
1979,9988457,CONNECTICUT,03-OCT-79 13:00:00,3,0
1979,10096002,OKLAHOMA,10-APR-79 17:05:00,3,0
1979,10014182,IOWA,28-JUN-79 18:25:00,3,0
1979,10014177,IOWA,28-JUN-79 17:40:00,2,0
1979,10105974,OKLAHOMA,30-OCT-79 10:05:00,3,0
1979,10013914,IOWA,28-AUG-79 17:40:00,2,0
1979,10125262,TENNESSEE,30-JUN-79 00:30:00,2,0
1979,10130762,TEXAS,10-APR-79 15:25:00,11,0
1979,10130768,TEXAS,10-APR-79 17:55:00,42,0
1980,10039306,MICHIGAN,13-MAY-80 13:58:00,5,0
1980,10066175,NEBRASKA,03-JUN-80 21:16:00,3,0
1980,10019616,INDIANA,09-JUL-80 20:35:00,2,0
1980,10031030,KENTUCKY,08-APR-80 14:10:00,2,0
1981,9976256,ALABAMA,01-APR-81 02:15:00,2,0
1981,10108962,OKLAHOMA,19-APR-81 20:45:00,5,0
1981,10100077,OHIO,13-JUN-81 13:23:00,4,0
1981,10145902,WISCONSIN,04-APR-81 00:04:00,3,0
1982,10005666,ILLINOIS,29-MAY-82 14:05:00,10,0
1982,10109011,OKLAHOMA,11-MAY-82 17:02:00,2,0
1982,10058650,MISSOURI,02-APR-82 18:25:00,2,0
1982,9980184,ARKANSAS,02-APR-82 17:45:00,3,0
1982,9980187,ARKANSAS,02-APR-82 18:12:00,5,0
1982,9980190,ARKANSAS,02-APR-82 18:20:00,2,0
1982,9980192,ARKANSAS,02-APR-82 19:00:00,2,0
1982,10062275,MISSISSIPPI,03-APR-82 00:00:00,3,0
1982,10003451,ILLINOIS,02-DEC-82 21:10:00,2,0
1982,10128754,TEXAS,02-APR-82 16:00:00,10,0
1983,9985168,DELAWARE,21-JUL-83 18:50:00,2,0
1983,9979815,ALABAMA,03-DEC-83 18:37:00,2,0
1983,10074822,NEW YORK,02-MAY-83 15:05:00,2,0
1983,10004581,ILLINOIS,01-MAY-83 21:45:00,2,0
1983,10001983,FLORIDA,09-APR-83 11:55:00,3,0
1983,10043998,LOUISIANA,01-APR-83 16:23:00,2,0
1984,9977898,ALABAMA,03-MAY-84 06:00:00,5,0
1984,10109806,SOUTH CAROLINA,28-MAR-84 18:10:00,7,0
1984,10089004,NORTH CAROLINA,28-MAR-84 19:55:00,7,0
1984,10088992,NORTH CAROLINA,28-MAR-84 18:50:00,2,0
1984,10105913,OKLAHOMA,26-APR-84 22:12:00,3,0
1984,10109794,SOUTH CAROLINA,28-MAR-84 17:00:00,5,0
1984,10089001,NORTH CAROLINA,28-MAR-84 19:40:00,3,0
1984,10089003,NORTH CAROLINA,28-MAR-84 19:55:00,6,0
1984,10088994,NORTH CAROLINA,28-MAR-84 19:15:00,10,0
1984,10105928,OKLAHOMA,26-APR-84 23:33:00,8,0
1984,10061894,MISSISSIPPI,21-APR-84 16:30:00,5,0
1984,10061896,MISSISSIPPI,21-APR-84 17:05:00,7,0
1984,10089009,NORTH CAROLINA,28-MAR-84 20:20:00,9,0
1984,10089010,NORTH CAROLINA,28-MAR-84 20:30:00,2,0
1984,9990485,ARKANSAS,15-MAR-84 19:29:00,5,0
1984,10160177,WISCONSIN,07-JUN-84 23:41:00,9,0
1984,10088990,NORTH CAROLINA,28-MAR-84 18:40:00,2,0
1984,9990479,ARKANSAS,15-MAR-84 17:55:00,2,0
1984,10061892,MISSISSIPPI,21-APR-84 16:00:00,2,0
1984,10109808,SOUTH CAROLINA,28-MAR-84 18:20:00,2,0
1985,10098099,OHIO,31-MAY-85 16:39:00,10,0
1985,10115965,PENNSYLVANIA,31-MAY-85 15:01:00,12,0
1985,10115968,PENNSYLVANIA,31-MAY-85 15:23:00,2,0
1985,10115970,PENNSYLVANIA,31-MAY-85 15:26:00,8,0
1985,10115974,PENNSYLVANIA,31-MAY-85 15:55:00,8,0
1985,10117060,PENNSYLVANIA,31-MAY-85 18:10:00,3,0
1985,10117062,PENNSYLVANIA,31-MAY-85 18:15:00,4,0
1985,10117070,PENNSYLVANIA,31-MAY-85 18:34:00,6,0
1985,10116836,PENNSYLVANIA,31-MAY-85 17:14:00,8,0
1985,10116827,PENNSYLVANIA,31-MAY-85 16:36:00,7,0
1985,9989553,ARKANSAS,18-NOV-85 21:12:00,3,0
1985,10015049,IOWA,30-MAY-85 21:22:00,2,0
1985,10117075,PENNSYLVANIA,31-MAY-85 19:25:00,2,0
1985,10117080,PENNSYLVANIA,31-MAY-85 19:47:00,2,0
1985,10117082,PENNSYLVANIA,31-MAY-85 19:56:00,2,0
1985,10162448,WISCONSIN,08-JUN-85 18:52:00,2,0
1985,10159115,WISCONSIN,12-AUG-85 18:40:00,2,0
1985,9999923,FLORIDA,17-MAR-85 03:30:00,2,0
1985,10145029,TEXAS,21-APR-85 17:30:00,3,0
1986,9978785,ALABAMA,12-MAR-86 14:15:00,2,0
1986,10090336,NORTH CAROLINA,02-JUL-86 19:30:00,3,0
1986,10145222,TEXAS,05-FEB-86 16:30:00,2,0
1987,10064271,MISSISSIPPI,28-FEB-87 09:05:00,6,0
1987,9989654,ARKANSAS,14-DEC-87 21:40:00,6,0
1987,10137366,TEXAS,15-NOV-87 16:15:00,2,0
1987,10137358,TEXAS,15-NOV-87 12:15:00,2,0
1987,10137360,TEXAS,15-NOV-87 14:00:00,3,0
1987,10137364,TEXAS,15-NOV-87 15:45:00,2,0
1987,10143353,TEXAS,22-MAY-87 19:16:00,30,0
1988,10121594,TENNESSEE,19-JAN-88 11:52:00,3,0
1988,10061065,MISSISSIPPI,19-NOV-88 22:15:00,2,0
1988,10089411,NORTH CAROLINA,28-NOV-88 00:00:00,2,0
1988,10089413,NORTH CAROLINA,28-NOV-88 00:55:00,2,0
1988,10082037,NEBRASKA,07-MAY-88 21:39:00,2,0
1988,9989694,ARKANSAS,15-NOV-88 21:44:00,3,0
1988,9989696,ARKANSAS,15-NOV-88 22:05:00,2,0
1988,10001120,FLORIDA,19-APR-88 02:30:00,4,0
1989,10111953,SOUTH CAROLINA,05-MAY-89 16:20:00,2,0
1989,10075515,NEW YORK,16-NOV-89 11:05:00,9,0
1989,10075469,NEW YORK,14-OCT-89 17:15:00,2,0
1989,10091699,NORTH CAROLINA,05-MAY-89 17:06:00,4,0
1989,10044504,LOUISIANA,08-JUN-89 05:04:00,2,0
1989,9980232,ALABAMA,15-NOV-89 16:30:00,21,0
1989,9997254,GEORGIA,01-OCT-89 11:30:00,2,0
1989,10001129,FLORIDA,08-JUN-89 16:00:00,3,0
1990,10019038,INDIANA,02-JUN-90 19:21:00,6,0
1990,10146357,VIRGINIA,04-MAY-90 17:22:00,2,0
1990,10003586,ILLINOIS,28-AUG-90 14:37:00,29,0
1990,10137153,TEXAS,01-JUN-90 16:20:00,2,0
1991,9981531,ALABAMA,29-MAR-91 05:30:00,5,0
1991,10071109,MISSOURI,29-NOV-91 18:09:00,2,0
1991,10034571,KANSAS,26-APR-91 17:40:00,13,0
1991,10034564,KANSAS,26-APR-91 16:57:00,4,0
1991,10118694,TENNESSEE,22-MAR-91 16:35:00,4,0
1992,10063573,MISSISSIPPI,10-MAR-92 00:57:00,3,0
1992,10044797,LOUISIANA,25-AUG-92 20:10:00,2,0
1992,10090844,NORTH CAROLINA,23-NOV-92 01:20:00,2,0
1992,10062523,MISSISSIPPI,21-NOV-92 23:35:00,10,0
1992,10062535,MISSISSIPPI,22-NOV-92 02:14:00,2,0
1992,9980483,ALABAMA,10-MAR-92 02:08:00,2,0
1992,10001379,FLORIDA,03-OCT-92 09:30:00,3,0
1992,10010604,GEORGIA,22-NOV-92 15:45:00,4,0
1993,10319983,FLORIDA,12-MAR-93 23:38:00,3,0
1993,10317829,FLORIDA,12-MAR-93 22:00:00,25,0
1993,10331334,MINNESOTA,09-AUG-93 01:35:00,2,0
1993,10336372,NEW YORK,03-SEP-93 13:15:00,2,0
1993,10358407,LOUISIANA,08-APR-93 13:20:00,3,0
1993,10344917,OKLAHOMA,24-APR-93 17:50:00,7,0
1993,10356499,VIRGINIA,06-AUG-93 12:30:00,4,0
1993,10321067,GEORGIA,30-OCT-93 04:30:00,3,0
1994,10330645,MISSISSIPPI,12-APR-94 18:20:00,2,0
1994,10348864,TENNESSEE,27-NOV-94 15:15:00,3,0
1994,10351936,TEXAS,25-APR-94 20:30:00,3,0
1994,10345878,PENNSYLVANIA,27-JUL-94 22:52:00,3,0
1994,10332982,MISSISSIPPI,27-NOV-94 22:15:00,2,0
1994,10321817,INDIANA,26-APR-94 23:58:00,3,0
1994,10313929,ALABAMA,27-MAR-94 10:55:00,22,0
1995,10321932,INDIANA,13-MAY-95 23:58:00,3,0
1995,10329561,MASSACHUSETTS,29-MAY-95 18:06:00,3,0
1995,10348737,TENNESSEE,18-MAY-95 15:52:00,3,0
1995,10317039,ARKANSAS,10-NOV-95 23:02:00,2,1
1995,10355476,TEXAS,26-MAY-95 18:44:00,2,0
1995,10342515,OKLAHOMA,07-MAY-95 15:24:00,3,0
1995,10319529,GEORGIA,30-JUN-95 18:38:00,4,0
1995,10314175,ALABAMA,16-FEB-95 04:59:00,6,0
2001,5276088,TENNESSEE,26-NOV-01 23:25:00,2,0
2001,5232920,MISSISSIPPI,24-FEB-01 21:50:00,6,0
2001,5232869,MISSISSIPPI,16-FEB-01 12:10:00,1,0
2001,5237295,IOWA,11-APR-01 15:00:00,2,0
2001,5270577,INDIANA,24-OCT-01 15:50:00,1,0
2003,5331471,TEXAS,17-NOV-03 17:45:00,0,1
2003,5352429,ILLINOIS,06-MAY-03 20:40:00,1,0
2003,5358918,KANSAS,04-MAY-03 15:18:00,2,0
2003,5364722,NEBRASKA,22-JUN-03 17:43:00,1,0
2004,5401775,INDIANA,30-MAY-04 18:32:00,0,1
2005,5468428,GEORGIA,06-JUL-05 20:10:00,0,1
2005,5475737,GEORGIA,29-AUG-05 15:30:00,1,0
2005,5469527,WYOMING,12-AUG-05 15:40:00,2,0
2005,5482152,IOWA,12-NOV-05 16:41:00,1,0
2006,5531926,MINNESOTA,24-AUG-06 17:00:00,1,0
2019,827076,TEXAS,18-MAY-19 03:57:00,0,2
2019,827043,TEXAS,18-MAY-19 01:05:00,0,1
2022,1013974,MISSISSIPPI,30-MAR-22 15:37:00,0,1
2023,1089588,MISSISSIPPI,31-MAR-23 23:52:00,0,1
